Block	MerSort	QuickSort	Swaps
1	0.000000	0.000000	454
2	0.000000	0.000000	1334
3	0.000000	0.000000	2972
4	0.000000	0.008000	5236
5	0.000000	0.000000	8183
6	0.000000	0.000000	11252
7	0.000000	0.000000	15175
8	0.000000	0.000000	19094
9	0.000000	0.000000	24917
10	0.000000	0.000000	31650
11	0.000000	0.000000	38476
12	0.000000	0.000000	47244
13	0.000000	0.000000	55896
14	0.000000	0.000000	64103
15	0.000000	0.000000	73709
16	0.000000	0.000000	85087
17	0.000000	0.000000	95771
18	0.000000	0.000000	109734
19	0.000000	0.000000	122817
20	0.000000	0.000000	135807
21	0.000000	0.000000	151111
22	0.000000	0.000000	166788
23	0.000000	0.000000	184139
24	0.000000	0.000000	202190
25	0.000000	0.000000	217978
26	0.000000	0.000000	239626
27	0.000000	0.000000	258385
28	0.000000	0.000000	278124
29	0.000000	0.000000	298512
30	0.000000	0.000000	319379
31	0.000000	0.000000	340429
32	0.000000	0.000000	366646
33	0.000000	0.000000	393222
34	0.000000	0.000000	414888
35	0.000000	0.000000	439313
36	0.000000	0.000000	471036
37	0.000000	0.000000	502253
38	0.000000	0.000000	531588
39	0.000000	0.000000	559377
40	0.008000	0.000000	591625
41	0.000000	0.000000	620616
42	0.000000	0.000000	652622
43	0.000000	0.000000	685600
44	0.000000	0.008000	715737
45	0.000000	0.000000	747347
46	0.000000	0.000000	784766
47	0.000000	0.000000	827441
48	0.008000	0.000000	862246
49	0.000000	0.000000	897496
50	0.000000	0.008000	937460
51	0.000000	0.000000	974579
52	0.000000	0.008000	1014878
53	0.000000	0.000000	1051822
54	0.000000	0.000000	1092103
55	0.000000	0.008000	1131447
56	0.000000	0.000000	1172610
57	0.000000	0.000000	1216604
58	0.000000	0.000000	1261016
59	0.000000	0.000000	1303229
60	0.000000	0.000000	1348565
61	0.008000	0.000000	1393971
62	0.000000	0.000000	1440129
63	0.000000	0.000000	1491583
64	0.000000	0.000000	1540556
65	0.000000	0.000000	1592320
66	0.000000	0.000000	1646834
67	0.000000	0.000000	1696195
68	0.008000	0.001000	1750293
69	0.000000	0.000000	1801025
70	0.008000	0.000000	1856088
71	0.000000	0.000000	1910931
72	0.008000	0.000000	1961456
73	0.000000	0.000000	2013232
74	0.008000	0.000000	2063757
75	0.000000	0.000000	2127381
76	0.000000	0.000000	2196337
77	0.000000	0.000000	2259724
78	0.008000	0.000000	2316768
79	0.000000	0.000000	2377561
80	0.000000	0.000000	2435164
81	0.000000	0.000000	2502594
82	0.000000	0.000000	2569076
83	0.000000	0.000000	2635680
84	0.008000	0.000000	2700377
85	0.000000	0.000000	2766419
86	0.000000	0.000000	2846218
87	0.000000	0.000000	2923677
88	0.000000	0.000000	2988062
89	0.000000	0.000000	3061856
90	0.000000	0.000000	3136037
91	0.000000	0.000000	3204963
92	0.000000	0.000000	3276644
93	0.000000	0.000000	3361795
94	0.000000	0.000000	3438494
95	0.001000	0.000000	3523023
96	0.000000	0.000000	3592328
97	0.000000	0.000000	3665335
98	0.000000	0.008000	3757076
99	0.000000	0.000000	3841432
100	0.000000	0.000000	3938152
101	0.008000	0.000000	4018559
102	0.000000	0.000000	4101351
103	0.000000	0.000000	4193047
104	0.000000	0.000000	4281391
105	0.000000	0.000000	4362737
106	0.000000	0.000000	4450952
107	0.000000	0.000000	4559084
108	0.000000	0.000000	4649512
109	0.000000	0.000000	4753744
110	0.000000	0.008000	4853608
111	0.000000	0.000000	4955613
112	0.000000	0.000000	5043420
113	0.000000	0.008000	5136012
114	0.000000	0.000000	5241911
115	0.009000	0.000000	5338303
116	0.000000	0.000000	5436832
117	0.000000	0.000000	5550811
118	0.009000	0.000000	5648117
119	0.000000	0.000000	5750989
120	0.000000	0.000000	5852214
121	0.007000	0.000000	5959373
122	0.000000	0.000000	6052281
123	0.000000	0.000000	6145138
124	0.000000	0.000000	6260373
125	0.000000	0.008000	6365051
126	0.000000	0.000000	6479162
127	0.000000	0.000000	6598571
128	0.008000	0.000000	6723202
129	0.000000	0.008000	6830276
130	0.000000	0.000000	6949051
131	0.000000	0.000000	7058518
132	0.000000	0.000000	7180785
133	0.000000	0.009000	7292752
134	0.000000	0.000000	7399334
135	0.000000	0.000000	7503576
136	0.008000	0.000000	7623920
137	0.000000	0.008000	7734575
138	0.000000	0.000000	7857264
139	0.000000	0.000000	7975823
140	0.000000	0.000000	8090770
141	0.000000	0.008000	8209135
142	0.000000	0.000000	8341813
143	0.000000	0.000000	8461995
144	0.000000	0.000000	8578876
145	0.008000	0.000000	8704225
146	0.008000	0.000000	8830035
147	0.000000	0.000000	8964825
148	0.008000	0.000000	9083119
149	0.000000	0.008000	9213241
150	0.000000	0.007000	9342629
151	0.008000	0.000000	9475124
152	0.001000	0.000000	9620992
153	0.000000	0.000000	9755603
154	0.000000	0.000000	9884903
155	0.000000	0.000000	10015476
156	0.000000	0.008000	10168105
157	0.000000	0.000000	10311842
158	0.000000	0.000000	10463892
159	0.000000	0.000000	10600370
160	0.000000	0.000000	10733991
161	0.000000	0.000000	10883318
162	0.009000	0.000000	11012306
163	0.008000	0.000000	11156643
164	0.008000	0.000000	11295204
165	0.000000	0.008000	11438466
166	0.000000	0.000000	11577956
167	0.000000	0.007000	11718012
168	0.000000	0.008000	11855793
169	0.000000	0.000000	12003126
170	0.000000	0.008000	12148789
171	0.000000	0.008000	12311416
172	0.000000	0.008000	12460130
173	0.000000	0.000000	12630046
174	0.000000	0.000000	12799189
175	0.000000	0.000000	12953151
176	0.000000	0.008000	13113126
177	0.003000	0.000000	13262582
178	0.000000	0.000000	13429646
179	0.000000	0.000000	13581988
180	0.000000	0.008000	13746009
181	0.000000	0.008000	13901968
182	0.000000	0.008000	14068718
183	0.008000	0.000000	14249458
184	0.000000	0.000000	14412246
185	0.000000	0.008000	14577479
186	0.000000	0.008000	14745400
187	0.008000	0.000000	14907087
188	0.008000	0.000000	15078339
189	0.000000	0.000000	15241961
190	0.000000	0.007000	15402364
191	0.008000	0.002000	15593298
192	0.000000	0.000000	15758843
193	0.000000	0.000000	15916501
194	0.000000	0.000000	16069171
195	0.008000	0.000000	16226304
196	0.000000	0.000000	16402535
197	0.009000	0.000000	16563107
198	0.000000	0.008000	16727492
199	0.002000	0.000000	16900680
200	0.000000	0.000000	17080403
201	0.000000	0.000000	17266736
202	0.000000	0.009000	17460345
203	0.008000	0.000000	17651230
204	0.008000	0.000000	17822171
205	0.000000	0.008000	17996539
206	0.009000	0.000000	18179148
207	0.008000	0.000000	18355270
208	0.000000	0.000000	18530823
209	0.000000	0.000000	18717303
210	0.000000	0.008000	18919354
211	0.008000	0.000000	19105534
212	0.000000	0.008000	19289250
213	0.000000	0.008000	19471148
214	0.000000	0.000000	19663583
215	0.007000	0.000000	19877556
216	0.000000	0.009000	20062052
217	0.000000	0.007000	20256107
218	0.000000	0.000000	20441528
219	0.000000	0.008000	20637237
220	0.000000	0.000000	20828722
221	0.000000	0.007000	21028791
222	0.000000	0.000000	21224719
223	0.000000	0.008000	21420572
224	0.006000	0.000000	21629102
225	0.000000	0.000000	21827011
226	0.000000	0.008000	22007548
227	0.008000	0.000000	22231454
228	0.000000	0.008000	22433881
229	0.007000	0.000000	22632021
230	0.000000	0.000000	22827006
231	0.000000	0.009000	23040361
232	0.007000	0.000000	23247467
233	0.000000	0.000000	23457051
234	0.000000	0.009000	23668917
235	0.008000	0.004000	23883717
236	0.008000	0.000000	24115438
237	0.000000	0.008000	24325864
238	0.008000	0.000000	24555448
239	0.000000	0.008000	24787449
240	0.009000	0.000000	24995122
241	0.000000	0.000000	25217554
242	0.008000	0.000000	25440090
243	0.009000	0.000000	25657007
244	0.000000	0.000000	25890543
245	0.000000	0.000000	26127261
246	0.000000	0.007000	26364974
247	0.010000	0.000000	26588723
248	0.000000	0.008000	26812822
249	0.008000	0.000000	27036309
250	0.000000	0.000000	27273396
251	0.008000	0.000000	27522894
252	0.000000	0.000000	27744149
253	0.000000	0.008000	27951987
254	0.000000	0.008000	28190869
255	0.008000	0.000000	28426793
256	0.008000	0.000000	28667166
257	0.000000	0.000000	28900323
258	0.008000	0.000000	29161502
259	0.000000	0.000000	29388834
260	0.000000	0.008000	29638056
261	0.000000	0.008000	29872877
262	0.000000	0.000000	30092317
263	0.000000	0.008000	30369349
264	0.008000	0.000000	30643008
265	0.000000	0.008000	30877823
266	0.008000	0.000000	31108348
267	0.007000	0.000000	31340005
268	0.008000	0.000000	31586749
269	0.000000	0.008000	31856196
270	0.008000	0.000000	32093161
271	0.006000	0.000000	32325083
272	0.000000	0.000000	32583973
273	0.008000	0.000000	32855582
274	0.009000	0.000000	33129340
275	0.006000	0.008000	33390214
276	0.000000	0.008000	33633064
277	0.000000	0.008000	33900925
278	0.000000	0.008000	34148392
279	0.000000	0.008000	34392660
280	0.000000	0.008000	34645899
281	0.008000	0.000000	34882844
282	0.008000	0.000000	35139956
283	0.008000	0.004000	35388095
284	0.008000	0.000000	35659206
285	0.008000	0.000000	35929165
286	0.000000	0.008000	36187353
287	0.000000	0.000000	36450263
288	0.008000	0.000000	36713439
289	0.000000	0.008000	36978293
290	0.008000	0.000000	37250175
291	0.006000	0.003000	37541290
292	0.000000	0.007000	37831211
293	0.000000	0.008000	38146631
294	0.001000	0.000000	38440468
295	0.008000	0.000000	38714850
296	0.008000	0.000000	38996492
297	0.010000	0.000000	39246935
298	0.000000	0.008000	39516119
299	0.008000	0.000000	39830860
300	0.008000	0.000000	40123294
301	0.008000	0.000000	40406412
302	0.000000	0.008000	40674539
303	0.008000	0.000000	40971313
304	0.000000	0.008000	41240248
305	0.000000	0.008000	41544282
306	0.008000	0.008000	41840550
307	0.008000	0.000000	42119615
308	0.000000	0.008000	42428682
309	0.005000	0.000000	42687030
310	0.008000	0.000000	43019865
311	0.000000	0.000000	43337281
312	0.008000	0.000000	43634681
313	0.002000	0.008000	43938625
314	0.000000	0.008000	44218359
315	0.008000	0.000000	44559065
316	0.008000	0.008000	44843261
317	0.008000	0.000000	45142915
318	0.000000	0.008000	45430871
319	0.000000	0.010000	45724805
320	0.008000	0.000000	46009071
321	0.000000	0.008000	46332575
322	0.008000	0.000000	46632897
323	0.008000	0.008000	46932471
324	0.008000	0.000000	47233329
325	0.000000	0.008000	47533227
326	0.008000	0.000000	47854412
327	0.000000	0.008000	48166474
328	0.007000	0.000000	48473146
329	0.008000	0.008000	48786068
330	0.008000	0.000000	49100731
331	0.003000	0.005000	49397127
332	0.008000	0.000000	49686029
333	0.000000	0.008000	50014192
334	0.000000	0.007000	50324055
335	0.009000	0.007000	50625722
336	0.008000	0.007000	50914671
337	0.000000	0.008000	51228608
338	0.008000	0.000000	51555132
339	0.000000	0.008000	51880652
340	0.000000	0.008000	52218625
341	0.008000	0.008000	52548916
342	0.008000	0.000000	52857558
343	0.000000	0.008000	53223237
344	0.008000	0.008000	53513108
345	0.008000	0.000000	53846633
346	0.000000	0.008000	54192533
347	0.008000	0.000000	54511107
348	0.008000	0.000000	54811566
349	0.008000	0.000000	55177424
350	0.008000	0.008000	55533695
351	0.008000	0.008000	55881494
352	0.008000	0.000000	56191155
353	0.008000	0.000000	56514751
354	0.000000	0.008000	56863571
355	0.008000	0.000000	57223050
356	0.008000	0.000000	57560656
357	0.008000	0.000000	57885679
358	0.000000	0.008000	58245383
359	0.009000	0.008000	58561848
360	0.008000	0.000000	58887142
361	0.000000	0.008000	59237280
362	0.008000	0.000000	59583459
363	0.008000	0.008000	59965211
364	0.000000	0.008000	60317070
365	0.008000	0.008000	60661374
366	0.008000	0.008000	61014045
367	0.000000	0.008000	61377571
368	0.008000	0.008000	61733360
369	0.008000	0.008000	62068831
370	0.000000	0.008000	62443245
371	0.000000	0.008000	62803076
372	0.006000	0.000000	63156743
373	0.008000	0.000000	63513734
374	0.000000	0.008000	63867766
375	0.006000	0.000000	64203998
376	0.000000	0.008000	64539233
377	0.008000	0.008000	64899876
378	0.008000	0.008000	65256801
379	0.000000	0.008000	65644403
380	0.008000	0.000000	66010709
381	0.017000	0.000000	66376687
382	0.008000	0.008000	66749349
383	0.008000	0.009000	67169932
384	0.008000	0.008000	67517507
385	0.000000	0.008000	67852232
386	0.008000	0.000000	68205206
387	0.008000	0.008000	68580518
388	0.008000	0.000000	68924814
389	0.009000	0.007000	69287979
390	0.008000	0.008000	69686999
391	0.009000	0.000000	70063331
392	0.008000	0.008000	70437120
393	0.016000	0.000000	70811663
394	0.008000	0.000000	71210459
395	0.008000	0.000000	71646205
396	0.008000	0.000000	72066110
397	0.008000	0.000000	72433463
398	0.000000	0.008000	72799617
399	0.008000	0.000000	73216992
400	0.008000	0.000000	73595786
401	0.008000	0.000000	74007348
402	0.008000	0.008000	74428516
403	0.008000	0.008000	74787050
404	0.000000	0.011000	75200129
405	0.008000	0.000000	75586836
406	0.000000	0.008000	75987452
407	0.008000	0.008000	76379878
408	0.008000	0.000000	76749088
409	0.000000	0.008000	77145880
410	0.008000	0.000000	77524078
411	0.000000	0.009000	77940316
412	0.009000	0.000000	78321891
413	0.001000	0.007000	78722088
414	0.007000	0.000000	79138405
415	0.007000	0.000000	79520863
416	0.000000	0.010000	79951661
417	0.008000	0.008000	80332041
418	0.008000	0.008000	80743280
419	0.016000	0.000000	81125460
420	0.000000	0.008000	81510919
421	0.008000	0.000000	81888627
422	0.000000	0.008000	82341844
423	0.008000	0.008000	82721865
424	0.000000	0.009000	83149484
425	0.009000	0.008000	83598082
426	0.007000	0.000000	83977092
427	0.000000	0.013000	84409013
428	0.008000	0.000000	84814139
429	0.008000	0.008000	85205875
430	0.008000	0.000000	85599283
431	0.008000	0.000000	86046599
432	0.008000	0.008000	86445558
433	0.008000	0.000000	86847072
434	0.008000	0.000000	87258106
435	0.008000	0.000000	87694116
436	0.000000	0.009000	88118698
437	0.009000	0.000000	88522961
438	0.008000	0.000000	88957037
439	0.000000	0.008000	89400631
440	0.008000	0.008000	89823352
441	0.008000	0.008000	90236023
442	0.008000	0.008000	90635788
443	0.008000	0.008000	91094893
444	0.016000	0.002000	91503603
445	0.009000	0.008000	91925222
446	0.000000	0.008000	92410649
447	0.016000	0.008000	92832864
448	0.008000	0.008000	93341955
449	0.008000	0.008000	93771933
450	0.008000	0.008000	94211900
451	0.008000	0.008000	94662511
452	0.008000	0.000000	95101810
453	0.005000	0.009000	95552502
454	0.008000	0.008000	95999602
455	0.009000	0.007000	96464921
456	0.008000	0.008000	96939755
457	0.007000	0.010000	97379948
458	0.005000	0.008000	97826579
459	0.009000	0.007000	98260428
460	0.008000	0.000000	98710505
461	0.008000	0.000000	99177200
462	0.008000	0.009000	99617896
463	0.008000	0.001000	100052249
464	0.008000	0.008000	100482581
465	0.008000	0.008000	100950607
466	0.007000	0.010000	101397242
467	0.008000	0.008000	101815068
468	0.008000	0.000000	102277625
469	0.000000	0.008000	102749951
470	0.008000	0.008000	103183292
471	0.000000	0.008000	103634690
472	0.009000	0.005000	104091962
473	0.012000	0.004000	104621040
474	0.010000	0.003000	105061844
475	0.006000	0.001000	105495824
476	0.010000	0.005000	105927933
477	0.009000	0.008000	106381370
478	0.010000	0.004000	106888866
479	0.008000	0.009000	107339096
480	0.011000	0.003000	107808368
481	0.008000	0.010000	108246741
482	0.010000	0.003000	108764690
483	0.009000	0.008000	109221669
484	0.004000	0.009000	109691012
485	0.002000	0.006000	110191570
486	0.003000	0.008000	110621217
487	0.010000	0.005000	111087309
488	0.000000	0.009000	111561026
489	0.005000	0.005000	112039489
490	0.014000	0.005000	112542129
491	0.007000	0.001000	113034336
492	0.006000	0.004000	113457629
493	0.007000	0.008000	113956733
494	0.006000	0.004000	114446066
495	0.008000	0.007000	114920148
496	0.004000	0.008000	115388092
497	0.010000	0.006000	115807789
498	0.009000	0.000000	116305527
499	0.004000	0.008000	116757649
500	0.008000	0.004000	117214911
501	0.007000	0.010000	117684555
502	0.009000	0.000000	118146457
503	0.007000	0.005000	118595916
504	0.012000	0.005000	119082817
505	0.007000	0.007000	119561376
506	0.010000	0.014000	120067264
507	0.010000	0.010000	120599867
508	0.012000	0.010000	121104139
509	0.014000	0.009000	121583862
510	0.012000	0.016000	122071712
511	0.017000	0.008000	122566769
512	0.018000	0.006000	123043595
513	0.009000	0.010000	123551359
514	0.005000	0.010000	124021222
515	0.005000	0.009000	124535693
516	0.018000	0.014000	124995929
517	0.008000	0.000000	125512284
518	0.016000	0.008000	125975787
519	0.008000	0.008000	126621663
520	0.008000	0.000000	127146434
521	0.008000	0.000000	127662454
522	0.008000	0.000000	128137242
523	0.008000	0.009000	128655242
524	0.009000	0.007000	129161353
525	0.008000	0.008000	129660578
526	0.008000	0.008000	130127116
527	0.008000	0.001000	130608578
528	0.008000	0.008000	131103943
529	0.008000	0.008000	131609464
530	0.000000	0.008000	132104367
531	0.008000	0.008000	132593913
532	0.000000	0.010000	133132376
533	0.000000	0.008000	133627596
534	0.008000	0.008000	134120451
535	0.000000	0.016000	134617914
536	0.008000	0.000000	135143846
537	0.008000	0.008000	135684119
538	0.012000	0.005000	136224428
539	0.009000	0.000000	136728662
540	0.007000	0.009000	137289487
541	0.007000	0.000000	137902076
542	0.008000	0.008000	138422466
543	0.008000	0.008000	138991555
544	0.008000	0.008000	139532524
545	0.008000	0.008000	140135613
546	0.008000	0.008000	140701900
547	0.016000	0.008000	141237841
548	0.008000	0.000000	141789617
549	0.008000	0.008000	142332766
550	0.016000	0.000000	142833648
551	0.053000	0.009000	143395242
552	0.008000	0.008000	143900423
553	0.008000	0.000000	144463130
554	0.008000	0.008000	145003306
555	0.008000	0.014000	145543110
556	0.008000	0.008000	146065884
557	0.008000	0.000000	146665483
558	0.008000	0.000000	147232426
559	0.007000	0.009000	147736295
560	0.010000	0.007000	148262204
561	0.000000	0.008000	148771041
562	0.008000	0.008000	149272319
563	0.016000	0.016000	149865223
564	0.008000	0.008000	150390277
565	0.013000	0.007000	150930671
566	0.007000	0.009000	151468090
567	0.008000	0.007000	152010697
568	0.008000	0.006000	152599565
569	0.010000	0.005000	153114147
570	0.008000	0.000000	153626109
571	0.010000	0.010000	154173242
572	0.005000	0.010000	154747765
573	0.008000	0.008000	155271189
574	0.010000	0.005000	155805204
575	0.007000	0.010000	156419643
576	0.010000	0.004000	156983097
577	0.016000	0.003000	157558557
578	0.009000	0.009000	158187026
579	0.010000	0.005000	158789629
580	0.017000	0.001000	159318974
581	0.009000	0.011000	159975174
582	0.010000	0.005000	160598915
583	0.010000	0.007000	161141362
584	0.008000	0.006000	161713157
585	0.008000	0.008000	162274247
586	0.006000	0.008000	162822689
587	0.008000	0.010000	163387567
588	0.010000	0.002000	163986489
589	0.010000	0.005000	164533721
590	0.002000	0.017000	165119505
591	0.008000	0.009000	165781958
592	0.007000	0.003000	166415583
593	0.009000	0.009000	167001396
594	0.009000	0.008000	167600465
595	0.010000	0.006000	168254506
596	0.008000	0.010000	168818153
597	0.008000	0.000000	169442206
598	0.010000	0.005000	170033859
599	0.009000	0.010000	170633429
600	0.008000	0.007000	171216918
601	0.008000	0.010000	171775757
602	0.008000	0.009000	172367178
603	0.014000	0.008000	172994334
604	0.006000	0.008000	173575876
605	0.010000	0.007000	174155954
606	0.012000	0.021000	174831869
607	0.008000	0.008000	175426748
608	0.008000	0.011000	175959017
609	0.017000	0.016000	176553904
610	0.008000	0.008000	177153445
611	0.007000	0.008000	177716484
612	0.008000	0.018000	178265287
613	0.008000	0.008000	178895064
614	0.016000	0.016000	179507976
615	0.016000	0.008000	180173121
616	0.008000	0.008000	180748050
617	0.008000	0.008000	181371023
618	0.016000	0.009000	181951206
619	0.008000	0.008000	182555040
620	0.016000	0.008000	183145252
621	0.008000	0.008000	183792502
622	0.008000	0.000000	184382963
623	0.009000	0.008000	185027548
624	0.012000	0.008000	185671349
625	0.008000	0.008000	186302459
626	0.016000	0.000000	186936197
627	0.016000	0.008000	187618613
628	0.008000	0.008000	188263213
629	0.008000	0.008000	188890701
630	0.008000	0.008000	189608695
631	0.008000	0.008000	190258024
632	0.008000	0.008000	190892051
633	0.008000	0.015000	191594641
634	0.008000	0.009000	192300336
635	0.008000	0.008000	192908829
636	0.008000	0.008000	193574478
637	0.008000	0.016000	194191938
638	0.008000	0.008000	194833752
639	0.009000	0.008000	195453297
640	0.008000	0.008000	196065406
641	0.008000	0.008000	196666202
642	0.008000	0.008000	197241459
643	0.008000	0.008000	197841965
644	0.008000	0.000000	198496308
645	0.016000	0.009000	199093316
646	0.007000	0.009000	199743449
647	0.008000	0.008000	200424288
648	0.016000	0.008000	201068861
649	0.008000	0.008000	201745888
650	0.016000	0.008000	202399090
651	0.016000	0.008000	203108801
652	0.015000	0.008000	203719915
653	0.016000	0.008000	204320955
654	0.016000	0.008000	204934951
655	0.016000	0.008000	205556366
656	0.016000	0.008000	206279264
657	0.016000	0.008000	206991588
658	0.008000	0.008000	207640103
659	0.008000	0.008000	208279484
660	0.008000	0.008000	209001894
661	0.008000	0.008000	209638628
662	0.010000	0.006000	210231338
663	0.016000	0.000000	210908977
664	0.008000	0.000000	211540412
665	0.008000	0.008000	212209933
666	0.015000	0.008000	212855694
667	0.017000	0.009000	213475058
668	0.008000	0.008000	214082594
669	0.016000	0.008000	214703398
670	0.016000	0.008000	215356897
671	0.008000	0.016000	216035482
672	0.008000	0.008000	216705892
673	0.016000	0.008000	217393588
674	0.008000	0.016000	218067580
675	0.016000	0.009000	218831031
676	0.008000	0.017000	219516775
677	0.009000	0.015000	220186354
678	0.007000	0.008000	220818031
679	0.008000	0.016000	221517471
680	0.016000	0.009000	222240939
681	0.016000	0.008000	222894234
682	0.015000	0.008000	223524826
683	0.016000	0.008000	224181525
684	0.016000	0.008000	224819454
685	0.016000	0.009000	225478415
686	0.016000	0.008000	226197989
687	0.016000	0.008000	226890650
688	0.016000	0.008000	227608527
689	0.008000	0.016000	228270026
690	0.008000	0.008000	228932771
691	0.017000	0.007000	229642696
692	0.016000	0.008000	230275006
693	0.017000	0.008000	230929943
694	0.016000	0.008000	231608321
695	0.016000	0.008000	232267119
696	0.016000	0.008000	233008085
697	0.008000	0.016000	233744310
698	0.016000	0.008000	234455640
699	0.016000	0.008000	235157237
700	0.008000	0.008000	235850557
701	0.016000	0.024000	236570994
702	0.016000	0.008000	237280160
703	0.016000	0.008000	238024214
704	0.008000	0.016000	238725352
705	0.016000	0.008000	239435797
706	0.008000	0.008000	240150079
707	0.011000	0.006000	240894265
708	0.015000	0.010000	241607143
709	0.016000	0.008000	242292290
710	0.008000	0.016000	242959727
711	0.008000	0.016000	243667382
712	0.008000	0.008000	244321747
713	0.016000	0.008000	244998930
714	0.008000	0.017000	245763366
715	0.016000	0.008000	246446722
716	0.016000	0.008000	247154303
717	0.008000	0.008000	247884459
718	0.021000	0.008000	248650974
719	0.016000	0.008000	249358518
720	0.008000	0.008000	250084497
721	0.016000	0.008000	250741073
722	0.016000	0.008000	251467217
723	0.015000	0.008000	252116076
724	0.013000	0.011000	252861924
725	0.008000	0.008000	253565967
726	0.016000	0.009000	254264698
727	0.018000	0.015000	254981689
728	0.008000	0.008000	255669679
729	0.016000	0.016000	256348753
730	0.008000	0.008000	257045291
731	0.016000	0.008000	257729666
732	0.016000	0.016000	258417101
733	0.016000	0.008000	259153178
734	0.008000	0.016000	259928310
735	0.016000	0.009000	260733621
736	0.016000	0.008000	261489430
737	0.016000	0.008000	262199628
738	0.016000	0.009000	262906241
739	0.016000	0.008000	263595717
740	0.016000	0.008000	264390362
741	0.008000	0.016000	265131096
742	0.016000	0.008000	265880965
743	0.016000	0.008000	266676598
744	0.008000	0.016000	267437518
745	0.016000	0.009000	268295448
746	0.008000	0.008000	269052607
747	0.016000	0.008000	269789796
748	0.016000	0.016000	270512668
749	0.016000	0.008000	271231932
750	0.016000	0.016000	271970534
751	0.008000	0.008000	272701579
752	0.016000	0.016000	273415422
753	0.016000	0.008000	274165097
754	0.016000	0.008000	274887087
755	0.008000	0.016000	275587204
756	0.016000	0.016000	276432620
757	0.016000	0.016000	277196821
758	0.008000	0.008000	278024868
759	0.008000	0.008000	278851517
760	0.016000	0.008000	279587779
761	0.017000	0.007000	280353016
762	0.016000	0.016000	281112438
763	0.016000	0.016000	281854598
764	0.016000	0.008000	282574451
765	0.008000	0.016000	283334665
766	0.016000	0.008000	284111663
767	0.019000	0.013000	284884109
768	0.014000	0.010000	285625895
769	0.016000	0.008000	286435596
770	0.016000	0.016000	287199601
771	0.016000	0.008000	287963423
772	0.016000	0.008000	288732329
773	0.016000	0.016000	289546000
774	0.008000	0.008000	290342162
775	0.032000	0.016000	291112117
776	0.016000	0.008000	291851853
777	0.016000	0.008000	292640412
778	0.016000	0.008000	293388488
779	0.016000	0.008000	294117876
780	0.017000	0.016000	294857853
781	0.008000	0.016000	295585813
782	0.016000	0.008000	296366128
783	0.008000	0.016000	297360402
784	0.016000	0.008000	298111645
785	0.008000	0.016000	298889351
786	0.016000	0.008000	299664563
787	0.008000	0.008000	300414151
788	0.008000	0.016000	301148996
789	0.017000	0.008000	301871369
790	0.016000	0.008000	302631033
791	0.008000	0.016000	303413334
792	0.008000	0.016000	304201768
793	0.016000	0.008000	304963828
794	0.024000	0.008000	305737512
795	0.017000	0.008000	306638277
796	0.008000	0.016000	307462785
797	0.016000	0.008000	308329218
798	0.016000	0.008000	309086794
799	0.016000	0.008000	309969680
800	0.008000	0.016000	310771560
801	0.017000	0.016000	311607406
802	0.016000	0.008000	312407821
803	0.016000	0.008000	313295136
804	0.016000	0.016000	314061925
805	0.008000	0.016000	314871192
806	0.016000	0.016000	315671723
807	0.008000	0.018000	316439706
808	0.017000	0.007000	317200261
809	0.016000	0.016000	318009760
810	0.008000	0.017000	318752847
811	0.008000	0.016000	319603261
812	0.016000	0.008000	320357354
813	0.008000	0.016000	321109527
814	0.016000	0.016000	321902576
815	0.016000	0.008000	322864674
816	0.016000	0.008000	323667363
817	0.008000	0.016000	324458665
818	0.016000	0.008000	325272619
819	0.016000	0.008000	326101436
820	0.016000	0.008000	326934179
821	0.016000	0.016000	327857452
822	0.008000	0.008000	328679806
823	0.016000	0.008000	329567161
824	0.016000	0.016000	330460341
825	0.008000	0.008000	331388118
826	0.016000	0.008000	332279580
827	0.016000	0.008000	333126154
828	0.008000	0.016000	333978680
829	0.016000	0.016000	334862152
830	0.016000	0.008000	335656370
831	0.024000	0.008000	336421135
832	0.017000	0.016000	337344326
833	0.016000	0.016000	338204280
834	0.016000	0.016000	339112308
835	0.018000	0.008000	339985692
836	0.016000	0.016000	340749128
837	0.016000	0.008000	341566027
838	0.016000	0.008000	342513212
839	0.008000	0.016000	343421487
840	0.016000	0.008000	344216751
841	0.024000	0.016000	345048899
842	0.016000	0.016000	345945653
843	0.016000	0.016000	346793661
844	0.016000	0.016000	347664654
845	0.016000	0.008000	348495860
846	0.016000	0.016000	349334213
847	0.016000	0.008000	350128950
848	0.016000	0.008000	350995776
849	0.008000	0.016000	351867906
850	0.024000	0.008000	352754435
851	0.016000	0.008000	353583842
852	0.016000	0.016000	354403335
853	0.016000	0.008000	355273879
854	0.016000	0.008000	356110924
855	0.016000	0.008000	356948591
856	0.016000	0.016000	357833413
857	0.016000	0.008000	358625664
858	0.008000	0.016000	359508113
859	0.016000	0.008000	360329466
860	0.016000	0.016000	361224289
861	0.016000	0.016000	362091786
862	0.016000	0.008000	362996989
863	0.016000	0.016000	363825833
864	0.016000	0.024000	364810381
865	0.016000	0.016000	365734738
866	0.024000	0.008000	366630402
867	0.016000	0.016000	367623866
868	0.016000	0.008000	368585498
869	0.008000	0.016000	369438522
870	0.016000	0.016000	370311717
871	0.024000	0.008000	371202914
872	0.024000	0.008000	372136562
873	0.008000	0.016000	373013016
874	0.016000	0.008000	373910469
875	0.016000	0.008000	374857354
876	0.016000	0.008000	375782472
877	0.017000	0.015000	376614400
878	0.016000	0.017000	377453280
879	0.008000	0.016000	378318262
880	0.016000	0.008000	379274469
881	0.024000	0.016000	380171821
882	0.016000	0.016000	381028574
883	0.016000	0.016000	381885059
884	0.016000	0.008000	382752878
885	0.016000	0.008000	383547424
886	0.024000	0.008000	384505098
887	0.016000	0.016000	385499758
888	0.024000	0.008000	386471597
889	0.024000	0.008000	387301252
890	0.016000	0.008000	388168248
891	0.016000	0.016000	389065638
892	0.024000	0.008000	390015492
893	0.024000	0.008000	390974849
894	0.016000	0.016000	391840392
895	0.016000	0.016000	392766517
896	0.016000	0.016000	393654134
897	0.008000	0.018000	394598307
898	0.016000	0.008000	395562487
899	0.017000	0.016000	396429882
900	0.016000	0.016000	397344617
901	0.016000	0.016000	398227469
902	0.016000	0.008000	399112907
903	0.016000	0.016000	400010889
904	0.016000	0.016000	400885202
905	0.016000	0.016000	401851180
906	0.016000	0.008000	402791639
907	0.008000	0.016000	403675918
908	0.016000	0.016000	404635594
909	0.016000	0.008000	405592825
910	0.024000	0.016000	406524068
911	0.016000	0.016000	407405638
912	0.016000	0.016000	408301282
913	0.016000	0.008000	409257092
914	0.016000	0.016000	410309459
915	0.016000	0.016000	411188024
916	0.008000	0.016000	412084039
917	0.015000	0.016000	413016049
918	0.015000	0.017000	413972318
919	0.023000	0.016000	414899323
920	0.016000	0.016000	415820520
921	0.016000	0.016000	416730585
922	0.016000	0.008000	417657397
923	0.016000	0.016000	418649228
924	0.016000	0.016000	419532354
925	0.024000	0.008000	420440244
926	0.016000	0.008000	421403630
927	0.016000	0.016000	422338457
928	0.016000	0.016000	423266899
929	0.016000	0.016000	424218348
930	0.024000	0.008000	425274907
931	0.016000	0.016000	426201966
932	0.016000	0.016000	427091185
933	0.016000	0.008000	428025512
934	0.016000	0.016000	429137628
935	0.017000	0.016000	430076618
936	0.024000	0.008000	430980513
937	0.016000	0.016000	431908426
938	0.016000	0.016000	432850187
939	0.016000	0.008000	433744302
940	0.025000	0.016000	434738267
941	0.016000	0.016000	435710116
942	0.016000	0.008000	436735879
943	0.016000	0.008000	437662237
944	0.016000	0.008000	438544017
945	0.024000	0.008000	439497575
946	0.015000	0.017000	440395005
947	0.016000	0.008000	441303357
948	0.016000	0.016000	442214856
949	0.016000	0.016000	443189832
950	0.016000	0.016000	444140125
951	0.016000	0.016000	445086475
952	0.016000	0.016000	446018317
953	0.024000	0.008000	447004024
954	0.024000	0.008000	447957896
955	0.016000	0.016000	448979077
956	0.016000	0.016000	449895881
957	0.016000	0.016000	450804084
958	0.017000	0.016000	451730097
959	0.016000	0.016000	452708048
960	0.016000	0.008000	453675085
961	0.016000	0.016000	454602792
962	0.016000	0.008000	455579404
963	0.008000	0.016000	456499008
964	0.016000	0.008000	457487156
965	0.017000	0.007000	458431345
966	0.008000	0.016000	459415834
967	0.029000	0.012000	460359496
968	0.016000	0.016000	461362775
969	0.016000	0.008000	462360728
970	0.016000	0.017000	463326115
971	0.023000	0.009000	464330032
972	0.015000	0.017000	465425233
973	0.016000	0.008000	466405039
974	0.016000	0.017000	467499539
975	0.015000	0.011000	468483103
976	0.016000	0.016000	469463559
977	0.016000	0.016000	470473657
978	0.016000	0.008000	471405107
979	0.017000	0.016000	472463906
980	0.016000	0.009000	473420864
981	0.016000	0.016000	474378449
982	0.017000	0.016000	475311444
983	0.016000	0.008000	476277660
984	0.016000	0.009000	477243868
985	0.016000	0.008000	478229375
986	0.016000	0.016000	479333936
987	0.016000	0.008000	480551955
988	0.016000	0.009000	481489273
989	0.016000	0.011000	482453294
990	0.016000	0.008000	483441953
991	0.016000	0.016000	484453527
992	0.008000	0.016000	485489484
993	0.016000	0.009000	486475076
994	0.017000	0.010000	487463267
995	0.016000	0.008000	488465764
996	0.024000	0.008000	489492896
997	0.016000	0.017000	490543777
998	0.018000	0.006000	491495743
999	0.008000	0.016000	492526555
1000	0.016000	0.016000	493560964
